Date,Country,Confirmed,Deaths,Recovered
2020-03-01,India,75522,3282,71651
2020-03-01,USA,138706,4687,92515
2020-03-01,Brazil,67116,951,57299
2020-03-01,Russia,101360,417,41975
2020-03-01,UK,83728,3119,72269
2020-03-01,Germany,85200,1976,53955
2020-03-01,France,122768,2812,64313
2020-03-01,Japan,44218,958,19631
2020-03-01,Italy,152488,4746,76076
2020-03-01,Canada,57863,2315,43406
2020-03-02,India,123114,4216,54386
2020-03-02,USA,180457,2883,97409
2020-03-02,Brazil,32068,672,26543
2020-03-02,Russia,162609,3320,84921
2020-03-02,UK,44160,2079,34413
2020-03-02,Germany,96850,4633,47207
2020-03-02,France,29240,265,18661
2020-03-02,Japan,7073,99,4881
2020-03-02,Italy,72247,2334,37717
2020-03-02,Canada,164577,5246,107971
2020-03-03,India,61884,2559,36186
2020-03-03,USA,126853,4981,62551
2020-03-03,Brazil,106328,4505,79646
2020-03-03,Russia,54259,2259,41115
2020-03-03,UK,130766,5051,73384
2020-03-03,Germany,17313,687,12994
2020-03-03,France,165138,6054,105022
2020-03-03,Japan,188892,3957,158527
2020-03-03,Italy,36770,548,33539
2020-03-03,Canada,145820,3752,68107
2020-03-04,India,176020,2231,145023
2020-03-04,USA,123192,2048,117708
2020-03-04,Brazil,197687,4850,89967
2020-03-04,Russia,72841,1583,47443
2020-03-04,UK,126078,3231,75581
2020-03-04,Germany,90414,2921,44361
2020-03-04,France,64904,2035,51740
2020-03-04,Japan,104035,773,72236
2020-03-04,Italy,18709,726,14814
2020-03-04,Canada,16496,767,12770
2020-03-05,India,155557,3364,134989
2020-03-05,USA,53315,112,43037
2020-03-05,Brazil,6320,248,4562
2020-03-05,Russia,9309,286,5746
2020-03-05,UK,182445,213,99683
2020-03-05,Germany,91202,1197,70735
2020-03-05,France,86999,247,60095
2020-03-05,Japan,179660,1606,158524
2020-03-05,Italy,192787,8705,154310
2020-03-05,Canada,134112,3106,57297
2020-03-06,India,150832,906,72201
2020-03-06,USA,162196,4965,86975
2020-03-06,Brazil,81775,2873,75094
2020-03-06,Russia,116424,2282,50405
2020-03-06,UK,33864,675,16604
2020-03-06,Germany,177220,3129,169864
2020-03-06,France,64810,655,46333
2020-03-06,Japan,16041,472,14142
2020-03-06,Italy,157344,5506,123756
2020-03-06,Canada,21891,702,19260
2020-03-07,India,89124,1007,69026
2020-03-07,USA,174977,5475,121192
2020-03-07,Brazil,65719,547,46998
2020-03-07,Russia,97739,2873,61885
2020-03-07,UK,82905,90,52656
2020-03-07,Germany,76717,1004,54117
2020-03-07,France,97842,3618,54385
2020-03-07,Japan,133835,5087,66447
2020-03-07,Italy,166193,6882,100554
2020-03-07,Canada,116076,2730,83001
2020-03-08,India,104519,1013,101206
2020-03-08,USA,167884,4288,119780
2020-03-08,Brazil,47602,528,19100
2020-03-08,Russia,44707,977,31778
2020-03-08,UK,39858,1558,22049
2020-03-08,Germany,162923,6986,135484
2020-03-08,France,82401,2696,43895
2020-03-08,Japan,129968,4337,64999
2020-03-08,Italy,96144,4323,79100
2020-03-08,Canada,111406,4482,77809
2020-03-09,India,180171,2397,105190
2020-03-09,USA,130972,5600,111506
2020-03-09,Brazil,59582,2398,52560
2020-03-09,Russia,163131,8075,119534
2020-03-09,UK,17513,409,8062
2020-03-09,Germany,151216,3494,139721
2020-03-09,France,163141,5617,101269
2020-03-09,Japan,133574,4706,89510
2020-03-09,Italy,19308,163,18073
2020-03-09,Canada,63534,2762,52783
2020-03-10,India,114634,4780,103205
2020-03-10,USA,55392,1481,45521
2020-03-10,Brazil,25235,1131,21497
2020-03-10,Russia,179940,6756,157146
2020-03-10,UK,98736,4921,62991
2020-03-10,Germany,130289,4933,67081
2020-03-10,France,173715,26,105424
2020-03-10,Japan,40735,444,19994
2020-03-10,Italy,80338,481,38204
2020-03-10,Canada,13616,468,11134
2020-03-11,India,146472,4216,66350
2020-03-11,USA,197221,1897,194794
2020-03-11,Brazil,18314,725,11263
2020-03-11,Russia,28350,84,13964
2020-03-11,UK,170950,7060,120385
2020-03-11,Germany,26952,1135,20981
2020-03-11,France,143732,5489,102035
2020-03-11,Japan,74007,712,45829
2020-03-11,Italy,54909,697,44006
2020-03-11,Canada,133479,2087,95039
2020-03-12,India,37684,1576,29816
2020-03-12,USA,148128,2020,110527
2020-03-12,Brazil,69700,467,60494
2020-03-12,Russia,23914,769,17602
2020-03-12,UK,126549,3115,65740
2020-03-12,Germany,45754,1023,27910
2020-03-12,France,94078,3476,74231
2020-03-12,Japan,192030,9551,141903
2020-03-12,Italy,42957,1586,35392
2020-03-12,Canada,9060,177,5472
2020-03-13,India,148920,2686,104079
2020-03-13,USA,77437,788,73989
2020-03-13,Brazil,42979,1893,33904
2020-03-13,Russia,108251,4070,78067
2020-03-13,UK,191936,45,123644
2020-03-13,Germany,44675,464,19137
2020-03-13,France,13444,232,6666
2020-03-13,Japan,74057,1465,62155
2020-03-13,Italy,74472,1540,36715
2020-03-13,Canada,64245,992,50782
2020-03-14,India,192368,3642,113303
2020-03-14,USA,22483,357,10150
2020-03-14,Brazil,134005,3269,108502
2020-03-14,Russia,60210,2945,42550
2020-03-14,UK,160129,4234,72475
2020-03-14,Germany,118978,5237,60701
2020-03-14,France,138417,4942,63550
2020-03-14,Japan,26795,266,20475
2020-03-14,Italy,13257,617,10968
2020-03-14,Canada,84329,178,80711
2020-03-15,India,81741,234,73823
2020-03-15,USA,40197,787,30705
2020-03-15,Brazil,25188,967,10243
2020-03-15,Russia,33828,1185,26794
2020-03-15,UK,106772,3548,90664
2020-03-15,Germany,70260,1201,33223
2020-03-15,France,150302,2444,97018
2020-03-15,Japan,31235,728,16252
2020-03-15,Italy,76084,2508,51118
2020-03-15,Canada,178751,5014,95915
2020-03-16,India,92568,4546,68068
2020-03-16,USA,70145,2175,55523
2020-03-16,Brazil,43645,1359,24873
2020-03-16,Russia,167010,3517,105315
2020-03-16,UK,33687,1546,13688
2020-03-16,Germany,22109,321,20689
2020-03-16,France,103053,2915,87521
2020-03-16,Japan,35727,1330,32403
2020-03-16,Italy,75259,649,38771
2020-03-16,Canada,5345,93,3815
2020-03-17,India,69070,1960,43972
2020-03-17,USA,121534,2188,66163
2020-03-17,Brazil,53693,1488,47534
2020-03-17,Russia,34190,602,21754
2020-03-17,UK,58023,11,30848
2020-03-17,Germany,101790,2489,54065
2020-03-17,France,53543,1290,22756
2020-03-17,Japan,138422,4734,94610
2020-03-17,Italy,129751,5856,83294
2020-03-17,Canada,162735,7387,118830
2020-03-18,India,1704,65,1118
2020-03-18,USA,6561,50,3583
2020-03-18,Brazil,75234,2313,44281
2020-03-18,Russia,162155,1467,100651
2020-03-18,UK,122885,1288,117963
2020-03-18,Germany,156302,1683,82857
2020-03-18,France,147468,339,82702
2020-03-18,Japan,87111,2062,79338
2020-03-18,Italy,153100,2658,103020
2020-03-18,Canada,181462,1518,120619
2020-03-19,India,99351,2566,45111
2020-03-19,USA,159461,4966,65081
2020-03-19,Brazil,16384,96,8723
2020-03-19,Russia,140817,4478,86086
2020-03-19,UK,108943,305,67623
2020-03-19,Germany,176377,1298,70941
2020-03-19,France,21302,1036,8822
2020-03-19,Japan,153785,6852,136070
2020-03-19,Italy,76134,2738,58486
2020-03-19,Canada,130373,6117,88043
2020-03-20,India,129856,5340,62398
2020-03-20,USA,61182,593,38234
2020-03-20,Brazil,6345,242,5965
2020-03-20,Russia,110907,1747,100541
2020-03-20,UK,137092,1628,132182
2020-03-20,Germany,48655,1911,28747
2020-03-20,France,15119,21,6424
2020-03-20,Japan,22787,438,22048
2020-03-20,Italy,112158,3859,77414
2020-03-20,Canada,120739,5143,95563
2020-03-21,India,175456,2167,160348
2020-03-21,USA,1647,42,1260
2020-03-21,Brazil,112760,3141,68289
2020-03-21,Russia,138664,844,84787
2020-03-21,UK,182429,5085,164968
2020-03-21,Germany,167710,858,140541
2020-03-21,France,84685,17,82163
2020-03-21,Japan,24766,1009,14874
2020-03-21,Italy,69898,946,43348
2020-03-21,Canada,188125,1021,176717
2020-03-22,India,65655,3126,49690
2020-03-22,USA,122769,3067,87535
2020-03-22,Brazil,80865,3106,34237
2020-03-22,Russia,169650,3654,162758
2020-03-22,UK,46053,1643,30292
2020-03-22,Germany,66323,1036,52614
2020-03-22,France,118982,5655,101611
2020-03-22,Japan,63460,1966,51722
2020-03-22,Italy,128030,592,120480
2020-03-22,Canada,81906,2712,72920
2020-03-23,India,135799,2759,126658
2020-03-23,USA,36219,1187,23919
2020-03-23,Brazil,144513,4774,81913
2020-03-23,Russia,71816,758,67585
2020-03-23,UK,19210,429,12882
2020-03-23,Germany,190128,3640,171796
2020-03-23,France,30977,21,25232
2020-03-23,Japan,46765,1276,41989
2020-03-23,Italy,172740,4557,164737
2020-03-23,Canada,42545,1085,40029
2020-03-24,India,137932,1914,64136
2020-03-24,USA,65010,2877,47815
2020-03-24,Brazil,105502,2551,73114
2020-03-24,Russia,155713,2412,94465
2020-03-24,UK,74629,2063,61694
2020-03-24,Germany,90559,3104,77687
2020-03-24,France,115888,2223,72947
2020-03-24,Japan,120967,2240,68414
2020-03-24,Italy,36450,1290,28940
2020-03-24,Canada,146041,6524,86557
2020-03-25,India,174099,6945,72580
2020-03-25,USA,193995,2241,100688
2020-03-25,Brazil,158287,2536,115512
2020-03-25,Russia,149922,2677,102998
2020-03-25,UK,167535,6414,135962
2020-03-25,Germany,73220,1965,59145
2020-03-25,France,99303,2558,42503
2020-03-25,Japan,49981,949,43380
2020-03-25,Italy,58214,723,57204
2020-03-25,Canada,134043,5673,97697
2020-03-26,India,18338,188,13317
2020-03-26,USA,31081,1237,28301
2020-03-26,Brazil,116760,5231,79879
2020-03-26,Russia,20501,939,11198
2020-03-26,UK,68751,206,36928
2020-03-26,Germany,101808,1233,60972
2020-03-26,France,134741,3853,92636
2020-03-26,Japan,185144,5151,74848
2020-03-26,Italy,73147,1951,32640
2020-03-26,Canada,184366,7039,125620
2020-03-27,India,10649,89,5034
2020-03-27,USA,107157,4799,84911
2020-03-27,Brazil,21540,204,15890
2020-03-27,Russia,171078,1256,115362
2020-03-27,UK,73342,892,37865
2020-03-27,Germany,22462,220,18628
2020-03-27,France,123966,5377,116548
2020-03-27,Japan,12286,440,5997
2020-03-27,Italy,67825,1683,37756
2020-03-27,Canada,67711,3103,30655
2020-03-28,India,8149,149,5716
2020-03-28,USA,178218,8724,133972
2020-03-28,Brazil,121372,2055,63032
2020-03-28,Russia,121277,2401,54956
2020-03-28,UK,126187,6286,114579
2020-03-28,Germany,133644,2920,67567
2020-03-28,France,68145,895,36776
2020-03-28,Japan,17219,347,10879
2020-03-28,Italy,23940,1112,21535
2020-03-28,Canada,185861,4685,125169
2020-03-29,India,67555,2082,54284
2020-03-29,USA,152277,6398,116835
2020-03-29,Brazil,50699,2341,38079
2020-03-29,Russia,102707,606,41082
2020-03-29,UK,164056,5092,137730
2020-03-29,Germany,108821,4991,96168
2020-03-29,France,83176,2223,63432
2020-03-29,Japan,9220,92,4873
2020-03-29,Italy,59860,424,59139
2020-03-29,Canada,53757,2565,39625
2020-03-30,India,39459,1405,27608
2020-03-30,USA,88996,823,83350
2020-03-30,Brazil,44175,238,42915
2020-03-30,Russia,142482,6194,84434
2020-03-30,UK,52230,1493,33553
2020-03-30,Germany,150244,3590,133518
2020-03-30,France,82365,154,40401
2020-03-30,Japan,142154,2850,133779
2020-03-30,Italy,60909,1222,40178
2020-03-30,Canada,157687,2336,140309
2020-03-31,India,175192,2768,123422
2020-03-31,USA,161297,3981,143944
2020-03-31,Brazil,16149,260,7928
2020-03-31,Russia,171545,3187,152437
2020-03-31,UK,144498,710,129361
2020-03-31,Germany,126615,6088,73178
2020-03-31,France,61281,339,59295
2020-03-31,Japan,4819,195,3701
2020-03-31,Italy,146980,1470,62629
2020-03-31,Canada,9445,121,7142
2020-04-01,India,20884,970,8556
2020-04-01,USA,25446,764,11420
2020-04-01,Brazil,92731,3283,83164
2020-04-01,Russia,58599,2851,27929
2020-04-01,UK,108295,873,43840
2020-04-01,Germany,62434,299,31459
2020-04-01,France,172213,6690,143561
2020-04-01,Japan,152967,3881,101612
2020-04-01,Italy,20932,473,19045
2020-04-01,Canada,193874,350,111880
2020-04-02,India,37980,717,29632
2020-04-02,USA,21206,349,15116
2020-04-02,Brazil,114761,612,62083
2020-04-02,Russia,180718,3978,128405
2020-04-02,UK,139723,6592,108754
2020-04-02,Germany,158208,7094,116203
2020-04-02,France,34419,608,31649
2020-04-02,Japan,135093,4204,84842
2020-04-02,Italy,62487,33,27418
2020-04-02,Canada,182195,7835,76289
2020-04-03,India,148444,6631,88896
2020-04-03,USA,142343,5890,122129
2020-04-03,Brazil,39737,670,22446
2020-04-03,Russia,83190,192,66740
2020-04-03,UK,19626,231,11640
2020-04-03,Germany,88318,1931,84258
2020-04-03,France,93856,3327,82280
2020-04-03,Japan,165735,2936,157974
2020-04-03,Italy,99986,4770,86465
2020-04-03,Canada,8433,419,5653
2020-04-04,India,160160,4425,138285
2020-04-04,USA,156497,6744,102299
2020-04-04,Brazil,45662,1061,32036
2020-04-04,Russia,179983,5009,159100
2020-04-04,UK,44002,1817,36380
2020-04-04,Germany,27717,148,14793
2020-04-04,France,131376,2278,66602
2020-04-04,Japan,130866,5772,123627
2020-04-04,Italy,84858,3283,38272
2020-04-04,Canada,86668,3579,75534
2020-04-05,India,21368,96,14548
2020-04-05,USA,194810,2222,135838
2020-04-05,Brazil,84498,3772,41325
2020-04-05,Russia,119507,542,58562
2020-04-05,UK,102241,3244,98283
2020-04-05,Germany,106304,824,68451
2020-04-05,France,158264,957,106779
2020-04-05,Japan,84672,883,55295
2020-04-05,Italy,168009,8151,120607
2020-04-05,Canada,133358,6463,105344
2020-04-06,India,104832,4801,43673
2020-04-06,USA,88603,913,66256
2020-04-06,Brazil,128720,3481,120366
2020-04-06,Russia,136941,2540,115263
2020-04-06,UK,69597,46,55033
2020-04-06,Germany,188058,9319,81409
2020-04-06,France,162741,6272,115024
2020-04-06,Japan,90764,2547,45739
2020-04-06,Italy,6474,96,3090
2020-04-06,Canada,58229,653,36787
2020-04-07,India,79161,2748,62636
2020-04-07,USA,28721,21,12456
2020-04-07,Brazil,151300,3129,98844
2020-04-07,Russia,137509,5057,68016
2020-04-07,UK,74109,424,44144
2020-04-07,Germany,90516,1667,52216
2020-04-07,France,138808,1899,134276
2020-04-07,Japan,160202,1862,106232
2020-04-07,Italy,139397,3924,114446
2020-04-07,Canada,5168,151,2266
2020-04-08,India,32404,1584,20634
2020-04-08,USA,177944,1195,95813
2020-04-08,Brazil,105242,4495,61562
2020-04-08,Russia,54623,2210,37738
2020-04-08,UK,100388,4355,68059
2020-04-08,Germany,21687,201,20034
2020-04-08,France,80674,1102,34539
2020-04-08,Japan,131115,5655,67895
2020-04-08,Italy,115752,2583,88136
2020-04-08,Canada,20364,147,19726
2020-04-09,India,4083,109,3600
2020-04-09,USA,188347,2809,109556
2020-04-09,Brazil,83624,1247,63735
2020-04-09,Russia,72686,1966,48980
2020-04-09,UK,132388,1236,77332
2020-04-09,Germany,106678,1701,61715
2020-04-09,France,45190,1219,31251
2020-04-09,Japan,30290,1077,18115
2020-04-09,Italy,10579,189,4248
2020-04-09,Canada,9652,163,5528
2020-04-10,India,143708,4804,57595
2020-04-10,USA,42157,1369,21861
2020-04-10,Brazil,140223,2306,63121
2020-04-10,Russia,177644,3278,89326
2020-04-10,UK,90011,2621,86930
2020-04-10,Germany,122259,4133,99501
2020-04-10,France,69299,2604,60192
2020-04-10,Japan,75763,1896,58174
2020-04-10,Italy,145797,1032,111957
2020-04-10,Canada,124737,1504,101290
2020-04-11,India,182119,3596,100255
2020-04-11,USA,189180,1106,151811
2020-04-11,Brazil,83138,1348,71873
2020-04-11,Russia,108221,81,80013
2020-04-11,UK,186089,6634,167685
2020-04-11,Germany,169986,5775,147478
2020-04-11,France,120556,1162,69562
2020-04-11,Japan,126694,476,88820
2020-04-11,Italy,107705,2957,101158
2020-04-11,Canada,29830,315,21907
2020-04-12,India,196234,1039,152987
2020-04-12,USA,112980,4343,55993
2020-04-12,Brazil,25681,59,13187
2020-04-12,Russia,5081,195,4446
2020-04-12,UK,141081,3743,56939
2020-04-12,Germany,89055,3240,37346
2020-04-12,France,151375,3222,77568
2020-04-12,Japan,129501,4039,109830
2020-04-12,Italy,71979,1094,51785
2020-04-12,Canada,88839,4367,83883
2020-04-13,India,4746,175,4197
2020-04-13,USA,127025,2377,120883
2020-04-13,Brazil,36242,1765,20598
2020-04-13,Russia,141513,5690,91619
2020-04-13,UK,85146,470,38627
2020-04-13,Germany,80235,634,58929
2020-04-13,France,15487,301,8105
2020-04-13,Japan,147959,241,120047
2020-04-13,Italy,182700,1569,85671
2020-04-13,Canada,144616,4783,106298
2020-04-14,India,99509,4373,64922
2020-04-14,USA,170174,5443,87725
2020-04-14,Brazil,189551,832,120688
2020-04-14,Russia,144898,4912,129788
2020-04-14,UK,175470,1192,120006
2020-04-14,Germany,110648,1036,96217
2020-04-14,France,110530,2557,77486
2020-04-14,Japan,134719,1743,97736
2020-04-14,Italy,73269,2106,35851
2020-04-14,Canada,31014,530,18315
2020-04-15,India,14962,679,12897
2020-04-15,USA,71215,3499,47036
2020-04-15,Brazil,137283,3526,101385
2020-04-15,Russia,184698,2112,139736
2020-04-15,UK,47807,389,36031
2020-04-15,Germany,29150,856,22354
2020-04-15,France,97928,2357,60808
2020-04-15,Japan,13383,23,6055
2020-04-15,Italy,71772,295,66848
2020-04-15,Canada,41605,507,22586
2020-04-16,India,13231,416,10525
2020-04-16,USA,89770,2523,41817
2020-04-16,Brazil,23671,575,22633
2020-04-16,Russia,42533,1430,27999
2020-04-16,UK,138696,4201,83906
2020-04-16,Germany,24624,430,15510
2020-04-16,France,168805,5353,90492
2020-04-16,Japan,153562,7577,84267
2020-04-16,Italy,155988,1717,104741
2020-04-16,Canada,20211,976,9285
2020-04-17,India,66775,2506,59484
2020-04-17,USA,28888,1419,14240
2020-04-17,Brazil,89635,3521,58641
2020-04-17,Russia,69205,1350,67298
2020-04-17,UK,117011,3783,96872
2020-04-17,Germany,78792,1820,46542
2020-04-17,France,90233,4410,52580
2020-04-17,Japan,44573,467,25432
2020-04-17,Italy,113818,2561,46399
2020-04-17,Canada,153930,1946,91593
2020-04-18,India,151633,6424,96745
2020-04-18,USA,187998,7988,132703
2020-04-18,Brazil,118302,468,93985
2020-04-18,Russia,137123,5546,112866
2020-04-18,UK,108536,1959,48190
2020-04-18,Germany,189169,5236,106540
2020-04-18,France,77047,1820,70734
2020-04-18,Japan,7994,100,4059
2020-04-18,Italy,107840,1181,67202
2020-04-18,Canada,170211,3561,100156
2020-04-19,India,84338,1913,77055
2020-04-19,USA,150881,5626,76412
2020-04-19,Brazil,50508,416,44939
2020-04-19,Russia,30815,96,24356
2020-04-19,UK,98377,2772,50520
2020-04-19,Germany,161974,5381,113422
2020-04-19,France,34423,1666,22774
2020-04-19,Japan,73111,52,48019
2020-04-19,Italy,151277,3523,70670
2020-04-19,Canada,73946,2681,37896
2020-04-20,India,121148,1431,88923
2020-04-20,USA,31717,1400,27904
2020-04-20,Brazil,128100,351,71941
2020-04-20,Russia,40209,1543,32790
2020-04-20,UK,130080,515,113151
2020-04-20,Germany,148458,3332,79538
2020-04-20,France,52036,2261,43207
2020-04-20,Japan,167562,3370,160022
2020-04-20,Italy,67506,1185,59271
2020-04-20,Canada,176141,5558,108204
2020-04-21,India,138945,4228,110309
2020-04-21,USA,195980,1233,173924
2020-04-21,Brazil,24009,806,11681
2020-04-21,Russia,95579,3238,65720
2020-04-21,UK,85269,1856,78289
2020-04-21,Germany,151975,2070,148246
2020-04-21,France,195768,6815,164144
2020-04-21,Japan,21382,209,18859
2020-04-21,Italy,119455,5864,72453
2020-04-21,Canada,94727,1535,73669
2020-04-22,India,111826,3944,59563
2020-04-22,USA,138468,2173,95415
2020-04-22,Brazil,53264,1699,31357
2020-04-22,Russia,163642,7456,82926
2020-04-22,UK,48498,29,33091
2020-04-22,Germany,103620,4640,83055
2020-04-22,France,24285,367,23386
2020-04-22,Japan,74622,781,39756
2020-04-22,Italy,194628,7278,105429
2020-04-22,Canada,9703,338,7669
2020-04-23,India,124720,2624,79082
2020-04-23,USA,182770,6876,164932
2020-04-23,Brazil,50246,2499,29351
2020-04-23,Russia,75188,2808,39144
2020-04-23,UK,190698,7782,81310
2020-04-23,Germany,28374,1166,23288
2020-04-23,France,25043,780,23110
2020-04-23,Japan,150386,3476,109095
2020-04-23,Italy,159230,906,143232
2020-04-23,Canada,85226,4163,52602
2020-04-24,India,147514,5093,89605
2020-04-24,USA,146238,5304,130068
2020-04-24,Brazil,80633,3159,55654
2020-04-24,Russia,131928,189,77743
2020-04-24,UK,45243,1122,19892
2020-04-24,Germany,7367,143,4956
2020-04-24,France,182297,2136,170097
2020-04-24,Japan,127883,1261,93778
2020-04-24,Italy,47636,2175,44863
2020-04-24,Canada,113593,84,70085
2020-04-25,India,59323,1705,41649
2020-04-25,USA,148603,6222,121173
2020-04-25,Brazil,166195,588,109758
2020-04-25,Russia,165551,6334,130538
2020-04-25,UK,191917,5872,156803
2020-04-25,Germany,151259,3499,92152
2020-04-25,France,195574,7050,107768
2020-04-25,Japan,143601,5883,133047
2020-04-25,Italy,91622,1245,42089
2020-04-25,Canada,113993,3855,77395
2020-04-26,India,33400,1088,20315
2020-04-26,USA,74222,2218,46816
2020-04-26,Brazil,166229,8129,155504
2020-04-26,Russia,19852,778,18093
2020-04-26,UK,37676,851,27878
2020-04-26,Germany,111509,4614,59734
2020-04-26,France,94044,1676,54210
2020-04-26,Japan,147394,1114,73581
2020-04-26,Italy,66059,3169,36735
2020-04-26,Canada,189347,8032,135331
2020-04-27,India,158768,7609,73531
2020-04-27,USA,198936,329,161118
2020-04-27,Brazil,138018,2514,70602
2020-04-27,Russia,170122,3723,159673
2020-04-27,UK,1092,10,805
2020-04-27,Germany,145841,6137,112415
2020-04-27,France,96975,654,84592
2020-04-27,Japan,151793,7112,86150
2020-04-27,Italy,10194,315,5737
2020-04-27,Canada,187526,3157,89584
2020-04-28,India,106407,1934,81038
2020-04-28,USA,22812,265,11076
2020-04-28,Brazil,176960,5429,149012
2020-04-28,Russia,39549,741,16052
2020-04-28,UK,48479,736,30936
2020-04-28,Germany,35668,188,15404
2020-04-28,France,75183,2220,46238
2020-04-28,Japan,113116,4591,65792
2020-04-28,Italy,171032,5177,105908
2020-04-28,Canada,135666,1251,62882
2020-04-29,India,164045,4780,159085
2020-04-29,USA,192544,486,185625
2020-04-29,Brazil,113612,1379,106331
2020-04-29,Russia,186131,1465,94101
2020-04-29,UK,129813,3947,87785
2020-04-29,Germany,158915,5345,119231
2020-04-29,France,51577,1839,29432
2020-04-29,Japan,191064,8568,178068
2020-04-29,Italy,18949,758,13594
2020-04-29,Canada,197178,9285,162200
2020-04-30,India,96758,2925,45923
2020-04-30,USA,173059,6507,149277
2020-04-30,Brazil,175542,6507,125341
2020-04-30,Russia,177315,5882,87697
2020-04-30,UK,181152,6235,120453
2020-04-30,Germany,62107,1282,27470
2020-04-30,France,100579,3773,88723
2020-04-30,Japan,105057,1956,87934
2020-04-30,Italy,61919,1526,52051
2020-04-30,Canada,4692,147,3525
2020-05-01,India,99556,3599,54764
2020-05-01,USA,75732,3485,57544
2020-05-01,Brazil,31112,429,25926
2020-05-01,Russia,193323,92,114833
2020-05-01,UK,106502,3847,56303
2020-05-01,Germany,109688,5134,58966
2020-05-01,France,131799,65,117572
2020-05-01,Japan,33787,1342,17731
2020-05-01,Italy,190411,4245,154545
2020-05-01,Canada,155326,3725,99366
2020-05-02,India,2276,96,1575
2020-05-02,USA,97884,493,70107
2020-05-02,Brazil,175041,3026,87555
2020-05-02,Russia,60163,1573,54139
2020-05-02,UK,94745,429,73855
2020-05-02,Germany,109722,3528,82321
2020-05-02,France,135128,5462,71185
2020-05-02,Japan,184354,9154,113512
2020-05-02,Italy,176140,7990,145344
2020-05-02,Canada,92596,1624,62856
2020-05-03,India,198406,4957,81929
2020-05-03,USA,24844,924,12731
2020-05-03,Brazil,120333,4954,54665
2020-05-03,Russia,73927,2000,41490
2020-05-03,UK,49520,1953,22585
2020-05-03,Germany,78964,601,69116
2020-05-03,France,70108,1491,40499
2020-05-03,Japan,34898,435,16787
2020-05-03,Italy,192644,4782,177064
2020-05-03,Canada,176485,7517,144289
2020-05-04,India,171494,8496,120476
2020-05-04,USA,39147,1000,21683
2020-05-04,Brazil,38492,162,36450
2020-05-04,Russia,158791,2897,118810
2020-05-04,UK,178604,2145,83609
2020-05-04,Germany,29799,762,22451
2020-05-04,France,93155,1757,44720
2020-05-04,Japan,168591,8184,140475
2020-05-04,Italy,107587,5286,91390
2020-05-04,Canada,164917,4314,86240
2020-05-05,India,168342,1501,110518
2020-05-05,USA,84344,1246,49369
2020-05-05,Brazil,57923,2078,32067
2020-05-05,Russia,134652,991,83787
2020-05-05,UK,149300,7453,69843
2020-05-05,Germany,131197,3471,56038
2020-05-05,France,177075,7136,81980
2020-05-05,Japan,55466,2601,49898
2020-05-05,Italy,101302,3930,77834
2020-05-05,Canada,192256,4370,162654
2020-05-06,India,46295,1717,19237
2020-05-06,USA,181261,602,144988
2020-05-06,Brazil,50424,484,24504
2020-05-06,Russia,185619,7425,140019
2020-05-06,UK,134663,5921,124495
2020-05-06,Germany,98886,762,62972
2020-05-06,France,161588,4702,119699
2020-05-06,Japan,115962,4038,74071
2020-05-06,Italy,59477,2220,34521
2020-05-06,Canada,83472,1187,71892
2020-05-07,India,5668,153,4278
2020-05-07,USA,113417,1552,97837
2020-05-07,Brazil,99763,1455,48010
2020-05-07,Russia,140477,4771,87139
2020-05-07,UK,54674,785,51602
2020-05-07,Germany,169589,2412,72407
2020-05-07,France,118489,1096,81610
2020-05-07,Japan,23652,102,16930
2020-05-07,Italy,74642,3544,32960
2020-05-07,Canada,43097,679,21174
2020-05-08,India,150814,5150,127148
2020-05-08,USA,37073,398,33971
2020-05-08,Brazil,155595,412,95082
2020-05-08,Russia,120976,5791,49434
2020-05-08,UK,189251,7116,115059
2020-05-08,Germany,89222,2344,37653
2020-05-08,France,199659,5473,147063
2020-05-08,Japan,90299,3404,78560
2020-05-08,Italy,170858,821,120709
2020-05-08,Canada,16165,105,10800
2020-05-09,India,18638,515,15215
2020-05-09,USA,175259,6183,71170
2020-05-09,Brazil,13094,511,6552
2020-05-09,Russia,128947,2812,61654
2020-05-09,UK,33087,460,24677
2020-05-09,Germany,45931,934,24612
2020-05-09,France,74410,382,38177
2020-05-09,Japan,151633,4704,131851
2020-05-09,Italy,61620,2546,28114
2020-05-09,Canada,36556,950,27653
2020-05-10,India,171592,7410,70669
2020-05-10,USA,178704,5212,138574
2020-05-10,Brazil,42862,1684,36526
2020-05-10,Russia,76425,2649,35679
2020-05-10,UK,102415,120,50367
2020-05-10,Germany,29150,620,22721
2020-05-10,France,99472,3563,82755
2020-05-10,Japan,90744,3710,72657
2020-05-10,Italy,141284,3012,118122
2020-05-10,Canada,14273,118,8543
2020-05-11,India,157195,2368,147711
2020-05-11,USA,22581,161,21361
2020-05-11,Brazil,185780,407,121734
2020-05-11,Russia,125704,3801,104341
2020-05-11,UK,20793,359,16980
2020-05-11,Germany,195361,1599,116734
2020-05-11,France,18480,660,17355
2020-05-11,Japan,178186,8638,142664
2020-05-11,Italy,2592,78,1208
2020-05-11,Canada,86431,2665,49733
2020-05-12,India,157359,1584,96156
2020-05-12,USA,121208,3907,100262
2020-05-12,Brazil,26924,1077,22199
2020-05-12,Russia,121582,2344,82840
2020-05-12,UK,138051,6225,99832
2020-05-12,Germany,134692,5416,125123
2020-05-12,France,75540,1936,49943
2020-05-12,Japan,47877,174,25944
2020-05-12,Italy,105400,323,78659
2020-05-12,Canada,149671,3957,69939
2020-05-13,India,138370,763,125238
2020-05-13,USA,44012,1344,26587
2020-05-13,Brazil,24982,1151,15726
2020-05-13,Russia,19779,741,11369
2020-05-13,UK,161441,1808,112324
2020-05-13,Germany,109853,3196,77833
2020-05-13,France,159428,1449,76833
2020-05-13,Japan,194227,5834,104924
2020-05-13,Italy,89053,853,88157
2020-05-13,Canada,23210,246,17482
2020-05-14,India,111187,1620,86392
2020-05-14,USA,7797,15,6664
2020-05-14,Brazil,22031,451,10936
2020-05-14,Russia,92550,2404,44345
2020-05-14,UK,108929,1869,105786
2020-05-14,Germany,114708,3180,86234
2020-05-14,France,164209,344,137221
2020-05-14,Japan,71246,2353,34456
2020-05-14,Italy,128697,5990,57260
2020-05-14,Canada,49535,667,39347
2020-05-15,India,125423,570,74392
2020-05-15,USA,34315,220,25948
2020-05-15,Brazil,164399,5928,119799
2020-05-15,Russia,40189,1844,28509
2020-05-15,UK,184118,5785,84640
2020-05-15,Germany,128026,1943,52360
2020-05-15,France,97989,4591,66408
2020-05-15,Japan,162239,5654,111860
2020-05-15,Italy,4669,224,3163
2020-05-15,Canada,42605,2100,28287
2020-05-16,India,90073,518,69189
2020-05-16,USA,28038,73,26174
2020-05-16,Brazil,10265,303,6094
2020-05-16,Russia,65949,45,65604
2020-05-16,UK,37329,1782,18974
2020-05-16,Germany,91500,3252,55455
2020-05-16,France,150888,5815,122020
2020-05-16,Japan,152076,2656,132228
2020-05-16,Italy,148227,998,92099
2020-05-16,Canada,20785,54,15357
2020-05-17,India,32713,325,22687
2020-05-17,USA,186845,2805,112600
2020-05-17,Brazil,19362,404,12437
2020-05-17,Russia,151744,1779,141826
2020-05-17,UK,28580,946,12824
2020-05-17,Germany,192992,2763,95151
2020-05-17,France,63160,1760,43157
2020-05-17,Japan,30840,409,28473
2020-05-17,Italy,150575,4878,86095
2020-05-17,Canada,97871,3065,70646
2020-05-18,India,183615,8132,110238
2020-05-18,USA,119880,2581,95964
2020-05-18,Brazil,158981,2829,126784
2020-05-18,Russia,31897,1467,28372
2020-05-18,UK,125765,5487,115921
2020-05-18,Germany,118642,3085,105075
2020-05-18,France,64923,2271,31469
2020-05-18,Japan,109666,888,69677
2020-05-18,Italy,32275,131,24127
2020-05-18,Canada,191989,6387,106345
2020-05-19,India,55055,1404,31042
2020-05-19,USA,112185,911,76101
2020-05-19,Brazil,183479,2670,95895
2020-05-19,Russia,69958,1206,30849
2020-05-19,UK,115306,1177,94446
2020-05-19,Germany,6539,281,5560
2020-05-19,France,28006,1313,24986
2020-05-19,Japan,141876,2428,80277
2020-05-19,Italy,139034,5919,93561
2020-05-19,Canada,198506,3908,105057
2020-05-20,India,120246,767,56235
2020-05-20,USA,58781,84,29904
2020-05-20,Brazil,103427,4465,69877
2020-05-20,Russia,50994,1907,24301
2020-05-20,UK,198891,8132,144370
2020-05-20,Germany,81959,224,51024
2020-05-20,France,76625,2600,51753
2020-05-20,Japan,173638,3898,86013
2020-05-20,Italy,27109,1036,21181
2020-05-20,Canada,94571,63,92312
2020-05-21,India,87528,1089,36093
2020-05-21,USA,105607,2211,76071
2020-05-21,Brazil,199622,7257,188397
2020-05-21,Russia,20124,831,11680
2020-05-21,UK,87693,1435,66937
2020-05-21,Germany,138286,5737,62640
2020-05-21,France,120086,3157,108286
2020-05-21,Japan,32903,970,20538
2020-05-21,Italy,132031,12,97785
2020-05-21,Canada,30144,1323,25960
2020-05-22,India,39237,472,28239
2020-05-22,USA,95640,2397,57130
2020-05-22,Brazil,183419,7060,105674
2020-05-22,Russia,141857,6299,113038
2020-05-22,UK,47203,1130,45716
2020-05-22,Germany,108259,4213,102113
2020-05-22,France,98853,2641,58089
2020-05-22,Japan,23284,498,22438
2020-05-22,Italy,45973,738,37254
2020-05-22,Canada,165560,1778,70490
2020-05-23,India,34463,1170,24455
2020-05-23,USA,134715,5235,63372
2020-05-23,Brazil,120857,4630,54729
2020-05-23,Russia,23290,513,22057
2020-05-23,UK,38911,1328,34959
2020-05-23,Germany,165667,6202,116666
2020-05-23,France,160637,7094,107456
2020-05-23,Japan,47861,1643,19794
2020-05-23,Italy,157473,865,101828
2020-05-23,Canada,165518,640,158673
2020-05-24,India,76243,2555,68196
2020-05-24,USA,115361,1744,80275
2020-05-24,Brazil,71383,1862,48840
2020-05-24,Russia,198341,5166,165801
2020-05-24,UK,23215,957,13815
2020-05-24,Germany,162580,2992,110106
2020-05-24,France,141094,5893,65256
2020-05-24,Japan,178193,996,85155
2020-05-24,Italy,97486,1509,54362
2020-05-24,Canada,2614,111,1843
2020-05-25,India,152839,4207,123147
2020-05-25,USA,184476,689,140010
2020-05-25,Brazil,161250,4240,125480
2020-05-25,Russia,111182,1314,100843
2020-05-25,UK,150565,1835,71445
2020-05-25,Germany,191945,7868,78694
2020-05-25,France,152920,861,84792
2020-05-25,Japan,48556,956,21338
2020-05-25,Italy,34086,214,22020
2020-05-25,Canada,74801,3609,39351
2020-05-26,India,162023,2428,124776
2020-05-26,USA,56806,2548,44677
2020-05-26,Brazil,86235,1122,64798
2020-05-26,Russia,77438,2464,40233
2020-05-26,UK,103346,4944,61239
2020-05-26,Germany,140069,3077,122765
2020-05-26,France,60553,2923,51377
2020-05-26,Japan,19379,595,10668
2020-05-26,Italy,98935,2082,89751
2020-05-26,Canada,58085,2770,23576
2020-05-27,India,143952,683,66952
2020-05-27,USA,131941,4938,77007
2020-05-27,Brazil,156475,4984,123514
2020-05-27,Russia,69973,3361,46527
2020-05-27,UK,43715,242,28083
2020-05-27,Germany,143812,1649,133881
2020-05-27,France,184611,6968,136424
2020-05-27,Japan,137140,6430,74032
2020-05-27,Italy,194038,3948,81172
2020-05-27,Canada,107217,121,100281
2020-05-28,India,188873,3317,90437
2020-05-28,USA,143152,7148,85455
2020-05-28,Brazil,47172,319,22044
2020-05-28,Russia,146261,6810,120321
2020-05-28,UK,137871,1072,122581
2020-05-28,Germany,121283,5352,55413
2020-05-28,France,197063,1847,116906
2020-05-28,Japan,55238,1795,23464
2020-05-28,Italy,118962,120,116871
2020-05-28,Canada,186118,740,153274
2020-05-29,India,10678,288,9683
2020-05-29,USA,196598,6110,123691
2020-05-29,Brazil,34744,663,14740
2020-05-29,Russia,140664,2797,70567
2020-05-29,UK,152152,7059,127905
2020-05-29,Germany,46520,1716,34708
2020-05-29,France,167856,2494,107773
2020-05-29,Japan,116674,5253,51449
2020-05-29,Italy,179496,4479,117282
2020-05-29,Canada,145412,1361,92163
2020-05-30,India,143703,1829,135697
2020-05-30,USA,199493,6739,102135
2020-05-30,Brazil,50530,1157,25434
2020-05-30,Russia,154044,1619,123946
2020-05-30,UK,97917,926,66147
2020-05-30,Germany,74970,3727,57434
2020-05-30,France,36300,526,16088
2020-05-30,Japan,185344,8130,160498
2020-05-30,Italy,140888,5942,114071
2020-05-30,Canada,6764,267,4441
2020-05-31,India,42724,1663,40992
2020-05-31,USA,174337,1649,109333
2020-05-31,Brazil,194997,6414,162554
2020-05-31,Russia,61167,1729,31419
2020-05-31,UK,30266,31,18213
2020-05-31,Germany,174611,99,111458
2020-05-31,France,125894,3726,56592
2020-05-31,Japan,109428,4711,69759
2020-05-31,Italy,177653,8276,105531
2020-05-31,Canada,64774,1445,61217
2020-06-01,India,83068,531,65156
2020-06-01,USA,3363,14,2472
2020-06-01,Brazil,7786,151,5830
2020-06-01,Russia,149454,6564,70624
2020-06-01,UK,154431,1070,83610
2020-06-01,Germany,11631,41,9995
2020-06-01,France,47279,969,32294
2020-06-01,Japan,132774,803,95079
2020-06-01,Italy,124253,4528,97877
2020-06-01,Canada,113789,4246,100902
2020-06-02,India,31191,172,16238
2020-06-02,USA,187785,6801,165324
2020-06-02,Brazil,147593,7325,103419
2020-06-02,Russia,118859,3524,101968
2020-06-02,UK,21765,786,12228
2020-06-02,Germany,73644,612,30896
2020-06-02,France,79841,1168,63424
2020-06-02,Japan,88376,3762,67617
2020-06-02,Italy,22207,1012,21179
2020-06-02,Canada,38331,1133,23886
2020-06-03,India,147630,219,74483
2020-06-03,USA,1385,33,1009
2020-06-03,Brazil,28741,858,12630
2020-06-03,Russia,154854,4701,114173
2020-06-03,UK,91339,3026,83555
2020-06-03,Germany,172356,1367,111458
2020-06-03,France,88104,510,54127
2020-06-03,Japan,35823,945,25825
2020-06-03,Italy,122064,2459,60172
2020-06-03,Canada,88418,2700,76687
2020-06-04,India,36883,1302,28606
2020-06-04,USA,148749,1506,107190
2020-06-04,Brazil,85915,3367,42956
2020-06-04,Russia,150854,1854,127765
2020-06-04,UK,52189,1121,49931
2020-06-04,Germany,135735,4283,100458
2020-06-04,France,72318,2445,33913
2020-06-04,Japan,82201,3728,54468
2020-06-04,Italy,191087,6816,107781
2020-06-04,Canada,159094,6978,65658
2020-06-05,India,81370,936,40363
2020-06-05,USA,120875,3708,88991
2020-06-05,Brazil,81245,659,38917
2020-06-05,Russia,121242,6026,57444
2020-06-05,UK,123748,4347,62502
2020-06-05,Germany,41708,1569,19642
2020-06-05,France,129440,3071,107664
2020-06-05,Japan,41824,1963,34486
2020-06-05,Italy,58853,713,43171
2020-06-05,Canada,10457,191,9017
2020-06-06,India,117749,3183,79947
2020-06-06,USA,90973,3520,58700
2020-06-06,Brazil,49230,1548,33285
2020-06-06,Russia,68337,2208,40619
2020-06-06,UK,146414,6038,137183
2020-06-06,Germany,162133,7940,132635
2020-06-06,France,193761,2381,161045
2020-06-06,Japan,177400,3483,134273
2020-06-06,Italy,153468,2326,102318
2020-06-06,Canada,165585,5165,80500
2020-06-07,India,46738,2067,21911
2020-06-07,USA,109217,2233,97165
2020-06-07,Brazil,140997,6575,91128
2020-06-07,Russia,110613,4995,96739
2020-06-07,UK,37629,25,20067
2020-06-07,Germany,78174,2653,36778
2020-06-07,France,101205,2031,83234
2020-06-07,Japan,60760,1388,51160
2020-06-07,Italy,85667,3999,74881
2020-06-07,Canada,97629,2643,62143
2020-06-08,India,107583,717,84537
2020-06-08,USA,195730,6493,116898
2020-06-08,Brazil,143394,3666,83597
2020-06-08,Russia,94031,265,55312
2020-06-08,UK,139151,4229,76518
2020-06-08,Germany,27990,1353,23667
2020-06-08,France,137688,3537,68491
2020-06-08,Japan,19887,490,9338
2020-06-08,Italy,183290,6727,90430
2020-06-08,Canada,133654,6556,125400
2020-06-09,India,43417,833,36822
2020-06-09,USA,95641,139,49864
2020-06-09,Brazil,19403,963,11525
2020-06-09,Russia,168152,1508,113919
2020-06-09,UK,57755,2371,30633
2020-06-09,Germany,199461,5572,177265
2020-06-09,France,97907,4395,47720
2020-06-09,Japan,21540,678,17164
2020-06-09,Italy,16645,32,12721
2020-06-09,Canada,29108,1160,21944
2020-06-10,India,80512,3811,58227
2020-06-10,USA,172061,1436,81908
2020-06-10,Brazil,185251,868,166360
2020-06-10,Russia,188390,8711,136675
2020-06-10,UK,101082,2465,95913
2020-06-10,Germany,116821,313,55025
2020-06-10,France,112959,5261,51064
2020-06-10,Japan,156747,897,64737
2020-06-10,Italy,153280,5911,92004
2020-06-10,Canada,145783,1652,74073
2020-06-11,India,43999,2184,37289
2020-06-11,USA,26827,937,20423
2020-06-11,Brazil,47377,459,40117
2020-06-11,Russia,175016,6492,99320
2020-06-11,UK,28706,1058,22763
2020-06-11,Germany,149238,1807,62425
2020-06-11,France,71461,1219,29266
2020-06-11,Japan,169154,1149,134731
2020-06-11,Italy,7347,95,3490
2020-06-11,Canada,2676,42,1651
2020-06-12,India,71045,2985,66288
2020-06-12,USA,161060,2871,89100
2020-06-12,Brazil,85484,3931,70504
2020-06-12,Russia,124583,5987,91363
2020-06-12,UK,181096,2947,96055
2020-06-12,Germany,31471,938,13177
2020-06-12,France,183188,7122,147370
2020-06-12,Japan,93591,1118,52119
2020-06-12,Italy,181517,3940,112415
2020-06-12,Canada,81123,2370,49136
2020-06-13,India,97488,3868,63713
2020-06-13,USA,88418,3604,43756
2020-06-13,Brazil,151226,438,99662
2020-06-13,Russia,114851,2335,109418
2020-06-13,UK,109566,3343,73320
2020-06-13,Germany,139556,3793,99505
2020-06-13,France,184652,3622,169592
2020-06-13,Japan,32500,454,22345
2020-06-13,Italy,94279,4140,38712
2020-06-13,Canada,196100,9103,118891
2020-06-14,India,186145,561,151434
2020-06-14,USA,197962,8000,95788
2020-06-14,Brazil,188094,8099,95710
2020-06-14,Russia,150998,1495,102846
2020-06-14,UK,130262,3572,126051
2020-06-14,Germany,41371,1432,19746
2020-06-14,France,188941,9303,136682
2020-06-14,Japan,148325,3295,130145
2020-06-14,Italy,94267,30,47756
2020-06-14,Canada,14392,10,7556
2020-06-15,India,123260,432,78654
2020-06-15,USA,143274,1499,81959
2020-06-15,Brazil,41625,1569,24519
2020-06-15,Russia,180560,8514,91790
2020-06-15,UK,178375,1182,141550
2020-06-15,Germany,3946,78,2180
2020-06-15,France,16613,661,13323
2020-06-15,Japan,1008,37,841
2020-06-15,Italy,160537,379,103404
2020-06-15,Canada,24738,828,17768
2020-06-16,India,122092,42,98262
2020-06-16,USA,89400,2647,79393
2020-06-16,Brazil,40284,1217,16777
2020-06-16,Russia,90238,1828,68564
2020-06-16,UK,155280,2799,91937
2020-06-16,Germany,192721,8981,117308
2020-06-16,France,119469,2138,77131
2020-06-16,Japan,37238,920,20788
2020-06-16,Italy,62778,1838,57959
2020-06-16,Canada,156802,2237,116299
2020-06-17,India,191248,6869,105921
2020-06-17,USA,124120,6029,64497
2020-06-17,Brazil,70966,3500,35092
2020-06-17,Russia,51857,1241,40558
2020-06-17,UK,31251,871,29430
2020-06-17,Germany,129127,3691,116615
2020-06-17,France,49954,2001,43726
2020-06-17,Japan,32358,1112,16309
2020-06-17,Italy,126013,4525,106092
2020-06-17,Canada,129703,1482,106680
2020-06-18,India,144807,2902,107591
2020-06-18,USA,83331,1764,63103
2020-06-18,Brazil,1580,57,1047
2020-06-18,Russia,88485,2378,59172
2020-06-18,UK,44171,1559,36773
2020-06-18,Germany,115359,4910,104120
2020-06-18,France,183920,229,140354
2020-06-18,Japan,38673,173,36141
2020-06-18,Italy,107259,721,48603
2020-06-18,Canada,133551,2306,93781
2020-06-19,India,132055,666,72642
2020-06-19,USA,154400,5589,65304
2020-06-19,Brazil,40719,591,35094
2020-06-19,Russia,88366,1088,76871
2020-06-19,UK,23323,600,14048
2020-06-19,Germany,164210,3212,128252
2020-06-19,France,73259,1324,71058
2020-06-19,Japan,26307,1035,16956
2020-06-19,Italy,50323,1067,38542
2020-06-19,Canada,61626,2256,33682
2020-06-20,India,51352,2347,24754
2020-06-20,USA,26369,761,13552
2020-06-20,Brazil,24730,974,13625
2020-06-20,Russia,63721,740,31150
2020-06-20,UK,55003,1152,35567
2020-06-20,Germany,100221,3740,66382
2020-06-20,France,63314,59,45355
2020-06-20,Japan,27324,906,23768
2020-06-20,Italy,196977,9178,119659
2020-06-20,Canada,127483,1400,51821
2020-06-21,India,104289,4650,96401
2020-06-21,USA,130912,2496,70296
2020-06-21,Brazil,99083,2362,93503
2020-06-21,Russia,56963,236,54302
2020-06-21,UK,194942,5983,160373
2020-06-21,Germany,53198,2387,44264
2020-06-21,France,173214,4859,77143
2020-06-21,Japan,9345,131,8697
2020-06-21,Italy,199031,4397,136473
2020-06-21,Canada,147120,2283,80075
2020-06-22,India,30545,1034,24498
2020-06-22,USA,120487,4466,85548
2020-06-22,Brazil,83081,2530,39185
2020-06-22,Russia,142964,5187,94068
2020-06-22,UK,75145,2049,46520
2020-06-22,Germany,64257,2578,36102
2020-06-22,France,190215,8427,160811
2020-06-22,Japan,149037,2706,143551
2020-06-22,Italy,15772,444,11058
2020-06-22,Canada,171441,728,116505
2020-06-23,India,129505,1838,123407
2020-06-23,USA,193783,5401,133500
2020-06-23,Brazil,86550,1625,54933
2020-06-23,Russia,189273,5592,178767
2020-06-23,UK,1908,21,1159
2020-06-23,Germany,117038,4049,88293
2020-06-23,France,102905,3277,41884
2020-06-23,Japan,193028,6943,134538
2020-06-23,Italy,45689,1603,33956
2020-06-23,Canada,76818,2926,39031
2020-06-24,India,197364,6067,182564
2020-06-24,USA,110690,2544,81791
2020-06-24,Brazil,143512,2636,66374
2020-06-24,Russia,17656,314,15244
2020-06-24,UK,64854,2012,59882
2020-06-24,Germany,181650,3760,98514
2020-06-24,France,56776,1085,49045
2020-06-24,Japan,105228,607,54901
2020-06-24,Italy,152606,1655,63445
2020-06-24,Canada,57751,2554,24965
2020-06-25,India,78274,682,69347
2020-06-25,USA,90508,2461,53525
2020-06-25,Brazil,168242,746,163898
2020-06-25,Russia,158219,5427,99289
2020-06-25,UK,19276,106,13941
2020-06-25,Germany,160954,6829,149387
2020-06-25,France,12391,132,7603
2020-06-25,Japan,53499,1831,45559
2020-06-25,Italy,29782,604,27566
2020-06-25,Canada,157133,5737,68822
2020-06-26,India,33180,401,13516
2020-06-26,USA,79811,2036,77064
2020-06-26,Brazil,120158,905,59551
2020-06-26,Russia,105942,4434,72637
2020-06-26,UK,110456,1238,63867
2020-06-26,Germany,186500,6367,110232
2020-06-26,France,22445,1005,9379
2020-06-26,Japan,55101,203,22417
2020-06-26,Italy,143285,7145,62661
2020-06-26,Canada,2513,38,1732
2020-06-27,India,185371,3857,89964
2020-06-27,USA,23558,688,12660
2020-06-27,Brazil,173603,7573,133467
2020-06-27,Russia,197992,7748,131026
2020-06-27,UK,12469,65,9929
2020-06-27,Germany,156649,6132,105968
2020-06-27,France,84120,2725,80170
2020-06-27,Japan,77991,485,68228
2020-06-27,Italy,16911,660,14472
2020-06-27,Canada,4457,167,3465
2020-06-28,India,184770,3916,83352
2020-06-28,USA,51339,861,48644
2020-06-28,Brazil,187697,799,170895
2020-06-28,Russia,128233,985,80022
2020-06-28,UK,52659,973,25952
2020-06-28,Germany,122059,806,92784
2020-06-28,France,182283,8915,115270
2020-06-28,Japan,111041,3108,82217
2020-06-28,Italy,166007,2879,93842
2020-06-28,Canada,130598,533,110812
2020-06-29,India,88688,1041,84212
2020-06-29,USA,113860,640,103325
2020-06-29,Brazil,195458,9421,167123
2020-06-29,Russia,123385,4079,101429
2020-06-29,UK,52339,1318,32942
2020-06-29,Germany,181894,6827,104150
2020-06-29,France,15207,481,9627
2020-06-29,Japan,126157,2789,104322
2020-06-29,Italy,112143,3173,48937
2020-06-29,Canada,140605,620,138899
2020-06-30,India,57758,2265,51744
2020-06-30,USA,74835,2572,67484
2020-06-30,Brazil,11290,281,9216
2020-06-30,Russia,6059,258,3649
2020-06-30,UK,88421,1546,56568
2020-06-30,Germany,156871,1967,82224
2020-06-30,France,41884,1366,40110
2020-06-30,Japan,6540,10,5931
2020-06-30,Italy,38690,1138,15507
2020-06-30,Canada,73770,1516,60236
